Serial No.,App Category Name,App Name,App Description
1,Core Apps,dashboard-app,"The Dashboard App provides real-time key performance indicators (KPIs) and actionable insights to help users make informed decisions quickly. It aggregates data from various sources and presents it in an easy-to-understand format, allowing users to monitor performance metrics, track progress, and identify trends. The app is designed to be highly customizable, enabling users to configure dashboards according to their specific needs and preferences. It supports various visualization types, including charts, graphs, and tables, to present data effectively."
2,Core Apps,record-management-app,"The Record Management App facilitates CRUD (Create, Read, Update, Delete) operations for managing records related to customers, employees, and inventory. It ensures data integrity and consistency across the system by providing a centralized repository for all records. The app includes features such as search, filtering, and sorting to help users quickly find and manage records. It also supports role-based access control (RBAC) to ensure that only authorized users can perform specific actions on the records."
3,Core Apps,workflow-automation-app,"The Workflow Automation App streamlines predefined tasks, approvals, and delegation processes by automating repetitive and manual tasks. It helps improve efficiency and reduce errors by ensuring that tasks are completed consistently and on time. The app includes a visual workflow designer that allows users to create and modify workflows easily. It supports various triggers and actions, enabling users to automate complex processes and integrate with other apps and services."
4,Operational Apps,sales-management-app,"The Sales Management App helps manage orders, quotes, and customer relationships by providing tools for tracking sales activities and interactions. It includes features such as lead management, opportunity tracking, and sales forecasting to help sales teams close deals more effectively. The app also integrates with other systems, such as CRM and ERP, to provide a comprehensive view of customer data and streamline sales processes. It supports customizable sales pipelines and workflows to match the unique needs of different organizations."
5,Operational Apps,inventory-management-app,"The Inventory Management App tracks stock levels, manages the supply chain, and sends restocking notifications to ensure that inventory is always at optimal levels. It provides real-time visibility into inventory status, helping users make informed decisions about purchasing and stock management. The app includes features such as barcode scanning, batch tracking, and inventory valuation to streamline inventory operations. It also supports integration with other systems, such as accounting and sales, to provide a unified view of inventory data."
6,Operational Apps,finance-accounting-app,"The Finance & Accounting App handles invoicing, payroll, and financial reporting to help organizations manage their finances effectively. It includes features such as accounts payable and receivable, general ledger, and financial statements to provide a comprehensive view of financial performance. The app supports various accounting standards and regulations, ensuring compliance with legal requirements. It also integrates with other systems, such as ERP and CRM, to provide a unified view of financial data and streamline financial processes."
7,Administrative Apps,configuration-management-app,"The Configuration Management App allows administrators to customize workflows, roles, and settings to match the specific needs of their organization. It provides tools for managing system configurations, ensuring that the system operates efficiently and securely. The app includes features such as version control, change tracking, and audit logs to help administrators manage configurations effectively. It also supports integration with other systems, such as monitoring and alerting, to provide a comprehensive view of system configurations."
8,Administrative Apps,monitoring-alerts-app,"The Monitoring & Alerts App provides tools for tracking logs, metrics, and system health to ensure that the system operates smoothly and efficiently. It includes features such as real-time monitoring, alerting, and reporting to help administrators identify and resolve issues quickly. The app supports various monitoring protocols and standards, ensuring compatibility with different systems and devices. It also integrates with other systems, such as configuration management and user access management, to provide a unified view of system health and performance."
9,Administrative Apps,user-access-management-app,"The User Access Management App provides role-based access control (RBAC) and user onboarding tools to ensure that only authorized users can access specific system features and data. It includes features such as user provisioning, authentication, and authorization to manage user access effectively. The app supports various authentication methods, such as single sign-on (SSO) and multi-factor authentication (MFA), to enhance security. It also integrates with other systems, such as monitoring and alerting, to provide a comprehensive view of user access and activity."
10,Analytical Apps,reporting-app,"The Reporting App generates reports for sales, inventory, and finance to help organizations make data-driven decisions. It includes features such as customizable report templates, data visualization, and scheduling to streamline the reporting process. The app supports various data sources and formats, ensuring compatibility with different systems and devices. It also integrates with other systems, such as ERP and CRM, to provide a unified view of data and generate comprehensive reports."
11,Analytical Apps,predictive-analytics-app,"The Predictive Analytics App uses AI/ML-powered forecasting and risk identification to help organizations anticipate future trends and make proactive decisions. It includes features such as data modeling, machine learning algorithms, and scenario analysis to provide accurate and actionable insights. The app supports various data sources and formats, ensuring compatibility with different systems and devices. It also integrates with other systems, such as ERP and CRM, to provide a unified view of data and generate predictive insights."
12,Analytical Apps,business-intelligence-app,"The Business Intelligence (BI) App provides interactive data visualization dashboards to help organizations analyze and interpret data effectively. It includes features such as drag-and-drop dashboard creation, data exploration, and real-time updates to provide a comprehensive view of business performance. The app supports various data sources and formats, ensuring compatibility with different systems and devices. It also integrates with other systems, such as ERP and CRM, to provide a unified view of data and generate actionable insights."
13,Integration Apps,payment-gateway-integration-app,"The Payment Gateway Integration App processes online payments by integrating with various payment gateways. It includes features such as payment processing, transaction tracking, and fraud detection to ensure secure and efficient payment operations. The app supports various payment methods, such as credit cards, debit cards, and digital wallets, ensuring compatibility with different systems and devices. It also integrates with other systems, such as ERP and CRM, to provide a unified view of payment data and streamline payment processes."
14,Integration Apps,crm-integration-app,"The CRM Integration App syncs data with CRM platforms to provide a comprehensive view of customer interactions and relationships. It includes features such as data synchronization, contact management, and activity tracking to streamline CRM operations. The app supports various CRM platforms, ensuring compatibility with different systems and devices. It also integrates with other systems, such as ERP and sales management, to provide a unified view of customer data and enhance customer relationship management."
15,Integration Apps,api-management-app,"The API Management App manages API keys and external API contracts to ensure secure and efficient API operations. It includes features such as API key generation, usage tracking, and rate limiting to manage API access effectively. The app supports various API standards and protocols, ensuring compatibility with different systems and devices. It also integrates with other systems, such as monitoring and alerting, to provide a comprehensive view of API usage and performance."
16,Communication & Notification Apps,email-sms-app,"The Email & SMS App manages transactional notifications and alerts to ensure that users are informed about important events and actions. It includes features such as email and SMS templates, scheduling, and delivery tracking to streamline communication operations. The app supports various communication protocols and standards, ensuring compatibility with different systems and devices. It also integrates with other systems, such as workflow automation and task notification, to provide a unified view of communication data and enhance communication efficiency."
17,Communication & Notification Apps,task-notification-app,"The Task Notification App notifies users about tasks and deadlines to ensure that tasks are completed on time and efficiently. It includes features such as task assignment, due date tracking, and reminder notifications to streamline task management. The app supports various notification methods, such as email, SMS, and in-app notifications, ensuring compatibility with different systems and devices. It also integrates with other systems, such as workflow automation and collaboration, to provide a unified view of task data and enhance task management."
18,Communication & Notification Apps,collaboration-app,"The Collaboration App facilitates team discussions and messaging to enhance communication and collaboration among team members. It includes features such as chat, file sharing, and video conferencing to streamline collaboration operations. The app supports various communication protocols and standards, ensuring compatibility with different systems and devices. It also integrates with other systems, such as task notification and workflow automation, to provide a unified view of collaboration data and enhance team collaboration."
19,Service Apps,job-scheduler-app,"The Job Scheduler App automates backups, periodic tasks, and report generation to ensure that system operations are performed consistently and efficiently. It includes features such as job scheduling, task automation, and error handling to streamline system operations. The app supports various scheduling methods, such as cron jobs and time-based triggers, ensuring compatibility with different systems and devices. It also integrates with other systems, such as monitoring and alerting, to provide a unified view of system operations and enhance system efficiency."
20,Service Apps,event-processing-app,"The Event Processing App handles workflows with RabbitMQ to enable asynchronous event-driven workflows. It includes features such as event handling, message queuing, and error handling to streamline workflow operations. The app supports various event processing methods, such as publish-subscribe and point-to-point, ensuring compatibility with different systems and devices. It also integrates with other systems, such as workflow automation and monitoring, to provide a unified view of workflow data and enhance workflow efficiency."
21,Service Apps,audit-trail-app,"The Audit Trail App logs system activities for compliance to ensure that system operations are performed securely and transparently. It includes features such as activity logging, audit reporting, and compliance tracking to streamline audit operations. The app supports various logging methods, such as file-based and database-based logging, ensuring compatibility with different systems and devices. It also integrates with other systems, such as monitoring and alerting, to provide a unified view of audit data and enhance compliance management."
